<?xml version="1.0" encoding="UTF-8"?><?xml-stylesheet type='text/xsl' href='_UpgradeReport_Files/UpgradeReport.xslt'?><UpgradeLog>
<Properties><Property Name="Solution" Value="EasyChat_Server">
</Property><Property Name="解决方案文件" Value="G:\我的文档\网络编程\复件 EasyChat_Server\EasyChat_Server.sln">
</Property><Property Name="用户选项文件" Value="G:\我的文档\网络编程\复件 EasyChat_Server\EasyChat_Server.suo">
</Property><Property Name="Date" Value="2008年11月18日">
</Property><Property Name="Time" Value="21:29">
</Property></Properties><Event ErrorLevel="0" Project="" Source="EasyChat_Server.sln" Description="文件已成功备份为 G:\我的文档\网络编程\复件 EasyChat_Server\Backup\EasyChat_Server.sln">
</Event><Event ErrorLevel="0" Project="" Source="EasyChat_Server.suo" Description="文件已成功备份为 G:\我的文档\网络编程\复件 EasyChat_Server\Backup\EasyChat_Server.suo">
</Event><Event ErrorLevel="0" Project="EasyChat_Server" Source="EasyChat_Server.csproj" Description="项目文件已成功备份为 G:\我的文档\网络编程\复件 EasyChat_Server\Backup\EasyChat_Server.csproj">
</Event><Event ErrorLevel="0" Project="EasyChat_Server" Source="Program.cs" Description="文件已成功备份为 G:\我的文档\网络编程\复件 EasyChat_Server\Backup\Program.cs">
</Event><Event ErrorLevel="0" Project="EasyChat_Server" Source="Properties\AssemblyInfo.cs" Description="文件已成功备份为 G:\我的文档\网络编程\复件 EasyChat_Server\Backup\Properties\AssemblyInfo.cs">
</Event><Event ErrorLevel="0" Project="EasyChat_Server" Source="Listener.cs" Description="文件已成功备份为 G:\我的文档\网络编程\复件 EasyChat_Server\Backup\Listener.cs">
</Event><Event ErrorLevel="0" Project="EasyChat_Server" Source="EasyChat_Server.csproj" Description="项目已成功转换">
</Event><Event ErrorLevel="3" Project="EasyChat_Server" Source="EasyChat_Server.csproj" Description="Converted">
</Event><Event ErrorLevel="0" Project="" Source="EasyChat_Server.sln" Description="成功转换解决方案">
</Event><Event ErrorLevel="3" Project="" Source="EasyChat_Server.sln" Description="Converted">
</Event><Event ErrorLevel="0" Project="EasyChat_Server" Source="EasyChat_Server.csproj" Description="扫描完成: 项目文件不需要升级。">
</Event></UpgradeLog>