<?xml version="1.0" encoding="UTF-8"?><?xml-stylesheet type='text/xsl' href='_UpgradeReport_Files/UpgradeReport.xslt'?><UpgradeLog>
<Properties><Property Name="Solution" Value="EasyChat_Client">
</Property><Property Name="解决方案文件" Value="G:\我的文档\网络编程\复件 EasyChat_Client\EasyChat_Client.sln">
</Property><Property Name="用户选项文件" Value="G:\我的文档\网络编程\复件 EasyChat_Client\EasyChat_Client.suo">
</Property><Property Name="Date" Value="2008年11月19日">
</Property><Property Name="Time" Value="10:43">
</Property></Properties><Event ErrorLevel="0" Project="" Source="EasyChat_Client.sln" Description="文件已成功备份为 G:\我的文档\网络编程\复件 EasyChat_Client\Backup\EasyChat_Client.sln">
</Event><Event ErrorLevel="0" Project="" Source="EasyChat_Client.suo" Description="文件已成功备份为 G:\我的文档\网络编程\复件 EasyChat_Client\Backup\EasyChat_Client.suo">
</Event><Event ErrorLevel="0" Project="EasyChat_Client" Source="EasyChat_Client.csproj" Description="项目文件已成功备份为 G:\我的文档\网络编程\复件 EasyChat_Client\Backup\EasyChat_Client.csproj">
</Event><Event ErrorLevel="0" Project="EasyChat_Client" Source="EasyChat_Client.csproj.user" Description="项目用户文件成功备份为 G:\我的文档\网络编程\复件 EasyChat_Client\Backup\EasyChat_Client.csproj.user">
</Event><Event ErrorLevel="0" Project="EasyChat_Client" Source="chat_frm.cs" Description="文件已成功备份为 G:\我的文档\网络编程\复件 EasyChat_Client\Backup\chat_frm.cs">
</Event><Event ErrorLevel="0" Project="EasyChat_Client" Source="chat_frm.Designer.cs" Description="文件已成功备份为 G:\我的文档\网络编程\复件 EasyChat_Client\Backup\chat_frm.Designer.cs">
</Event><Event ErrorLevel="0" Project="EasyChat_Client" Source="login_frm.cs" Description="文件已成功备份为 G:\我的文档\网络编程\复件 EasyChat_Client\Backup\login_frm.cs">
</Event><Event ErrorLevel="0" Project="EasyChat_Client" Source="login_frm.Designer.cs" Description="文件已成功备份为 G:\我的文档\网络编程\复件 EasyChat_Client\Backup\login_frm.Designer.cs">
</Event><Event ErrorLevel="0" Project="EasyChat_Client" Source="Program.cs" Description="文件已成功备份为 G:\我的文档\网络编程\复件 EasyChat_Client\Backup\Program.cs">
</Event><Event ErrorLevel="0" Project="EasyChat_Client" Source="Properties\AssemblyInfo.cs" Description="文件已成功备份为 G:\我的文档\网络编程\复件 EasyChat_Client\Backup\Properties\AssemblyInfo.cs">
</Event><Event ErrorLevel="0" Project="EasyChat_Client" Source="Properties\Resources.Designer.cs" Description="文件已成功备份为 G:\我的文档\网络编程\复件 EasyChat_Client\Backup\Properties\Resources.Designer.cs">
</Event><Event ErrorLevel="0" Project="EasyChat_Client" Source="Properties\Settings.Designer.cs" Description="文件已成功备份为 G:\我的文档\网络编程\复件 EasyChat_Client\Backup\Properties\Settings.Designer.cs">
</Event><Event ErrorLevel="0" Project="EasyChat_Client" Source="TCPConnection.cs" Description="文件已成功备份为 G:\我的文档\网络编程\复件 EasyChat_Client\Backup\TCPConnection.cs">
</Event><Event ErrorLevel="0" Project="EasyChat_Client" Source="Properties\Settings.settings" Description="文件已成功备份为 G:\我的文档\网络编程\复件 EasyChat_Client\Backup\Properties\Settings.settings">
</Event><Event ErrorLevel="0" Project="EasyChat_Client" Source="Resources\nudge.wav" Description="文件已成功备份为 G:\我的文档\网络编程\复件 EasyChat_Client\Backup\Resources\nudge.wav">
</Event><Event ErrorLevel="0" Project="EasyChat_Client" Source="Resources\msg.wav" Description="文件已成功备份为 G:\我的文档\网络编程\复件 EasyChat_Client\Backup\Resources\msg.wav">
</Event><Event ErrorLevel="0" Project="EasyChat_Client" Source="AquaOS.ico" Description="文件已成功备份为 G:\我的文档\网络编程\复件 EasyChat_Client\Backup\AquaOS.ico">
</Event><Event ErrorLevel="0" Project="EasyChat_Client" Source="chat_frm.resx" Description="文件已成功备份为 G:\我的文档\网络编程\复件 EasyChat_Client\Backup\chat_frm.resx">
</Event><Event ErrorLevel="0" Project="EasyChat_Client" Source="login_frm.resx" Description="文件已成功备份为 G:\我的文档\网络编程\复件 EasyChat_Client\Backup\login_frm.resx">
</Event><Event ErrorLevel="0" Project="EasyChat_Client" Source="Properties\Resources.resx" Description="文件已成功备份为 G:\我的文档\网络编程\复件 EasyChat_Client\Backup\Properties\Resources.resx">
</Event><Event ErrorLevel="0" Project="EasyChat_Client" Source="EasyChat_Client.csproj" Description="项目已成功转换">
</Event><Event ErrorLevel="3" Project="EasyChat_Client" Source="EasyChat_Client.csproj" Description="Converted">
</Event><Event ErrorLevel="0" Project="" Source="EasyChat_Client.sln" Description="成功转换解决方案">
</Event><Event ErrorLevel="3" Project="" Source="EasyChat_Client.sln" Description="Converted">
</Event><Event ErrorLevel="0" Project="EasyChat_Client" Source="EasyChat_Client.csproj" Description="扫描完成: 项目文件不需要升级。">
</Event></UpgradeLog>